{
  "schema_version": "1.0",
  "analysis": "interrogativity_help_seeking",
  "batch_id": "20260504T214503Z",
  "dataset_path": "data/dataset.parquet",
  "row_count_input": 97638,
  "row_count_after_filters": 48873,
  "filters": {
    "role": "user"
  },
  "figures": [
    "visuals.png"
  ],
  "metrics": {
    "rate_ends_with_question_mark": 0.20117447261269003,
    "rate_contains_help_seeking_cue_regex": 0.30519918973666443,
    "rate_either_question_or_cue": 0.38765780696908314,
    "by_language": {
      "English": {
        "rate": 0.5448670546249558,
        "n": 31103.0
      },
      "Japanese": {
        "rate": 0.02413036665622062,
        "n": 9573.0
      },
      "Spanish": {
        "rate": 0.260126582278481,
        "n": 1580.0
      },
      "German": {
        "rate": 0.2081887578070784,
        "n": 1441.0
      },
      "Chinese": {
        "rate": 0.029965156794425088,
        "n": 1435.0
      },
      "French": {
        "rate": 0.25246195165622204,
        "n": 1117.0
      },
      "Portuguese": {
        "rate": 0.346782988004362,
        "n": 917.0
      },
      "Italian": {
        "rate": 0.26032315978456017,
        "n": 557.0
      },
      "Russian": {
        "rate": 0.3080260303687636,
        "n": 461.0
      },
      "Dutch": {
        "rate": 0.3192771084337349,
        "n": 166.0
      },
      "Hebrew": {
        "rate": 0.23846153846153847,
        "n": 130.0
      },
      "Polish": {
        "rate": 0.047619047619047616,
        "n": 42.0
      },
      "Swedish": {
        "rate": 0.05128205128205128,
        "n": 39.0
      },
      "Finnish": {
        "rate": 0.15625,
        "n": 32.0
      },
      "Arabic": {
        "rate": 0.09090909090909091,
        "n": 22.0
      }
    },
    "by_topic": {
      "specific_info": {
        "rate": 0.4488078541374474,
        "n": 15686.0
      },
      "other": {
        "rate": 0.21476040573627142,
        "n": 5718.0
      },
      "unclear": {
        "rate": 0.1311787072243346,
        "n": 4208.0
      },
      "mathematical_calculation": {
        "rate": 0.5156677821721934,
        "n": 3287.0
      },
      "tutoring_or_teaching": {
        "rate": 0.39560779461800183,
        "n": 3233.0
      },
      "computer_programming": {
        "rate": 0.4739797828528641,
        "n": 2671.0
      },
      "greetings_and_chitchat": {
        "rate": 0.208594881699662,
        "n": 2071.0
      },
      "relationships_and_personal_reflection": {
        "rate": 0.4767206477732793,
        "n": 1976.0
      },
      "write_fiction": {
        "rate": 0.39568345323741005,
        "n": 1807.0
      },
      "argument_or_summary_generation": {
        "rate": 0.6621346023113528,
        "n": 1471.0
      },
      "edit_or_critique_provided_text": {
        "rate": 0.34034560480841475,
        "n": 1331.0
      },
      "create_an_image": {
        "rate": 0.23892773892773891,
        "n": 858.0
      },
      "data_analysis": {
        "rate": 0.5682926829268292,
        "n": 820.0
      },
      "how_to_advice": {
        "rate": 0.6423135464231354,
        "n": 657.0
      },
      "health_fitness_beauty_or_self_care": {
        "rate": 0.5872193436960277,
        "n": 579.0
      }
    }
  },
  "warnings": []
}
