{
  "schema_version": "1.0",
  "analysis": "thread_length_vs_user_properties",
  "batch_id": "20260504T214601Z",
  "dataset_path": "data/dataset.parquet",
  "row_count_input": 97638,
  "row_count_after_filters": 48873,
  "filters": {
    "role": "user"
  },
  "figures": [
    "visuals.png"
  ],
  "metrics": {
    "aggregation_note": "Per-message (user rows): Spearman between turns_count (conversation) and user plain_text length.",
    "spearman_turns_count_vs_user_msg_len": {
      "rho": -0.06575515873805689,
      "pvalue": 5.669715480467026e-48
    },
    "summary_by_turn_bin": {
      "1-2": {
        "mean": 704.7571952595937,
        "median": 80.0,
        "count": 7088
      },
      "3-5": {
        "mean": 370.62699899149976,
        "median": 65.0,
        "count": 6941
      },
      "6+": {
        "mean": 267.55111353461143,
        "median": 67.0,
        "count": 34844
      }
    },
    "language_share_top8_by_bin": {
      "1-2": {
        "English": 0.6272573363431151,
        "Japanese": 0.22418171557562078,
        "Spanish": 0.033718961625282165,
        "German": 0.022714446952595935,
        "French": 0.02116252821670429,
        "Portuguese": 0.018340857787810385,
        "Chinese": 0.01664785553047404,
        "Russian": 0.013261851015801355
      },
      "6+": {
        "English": 0.639335323154632,
        "Japanese": 0.1872632303983469,
        "Chinese": 0.03412352198369877,
        "Spanish": 0.032516358627023303,
        "German": 0.03174147629434049,
        "French": 0.0239352542762025,
        "Portuguese": 0.018625875330042476,
        "Italian": 0.010790953966249569
      },
      "3-5": {
        "English": 0.6310329923642126,
        "Japanese": 0.210200259328627,
        "Spanish": 0.029966863564327907,
        "German": 0.025068433943235845,
        "Portuguese": 0.019881861403256016,
        "French": 0.019161504106036596,
        "Chinese": 0.018441146808817175,
        "Italian": 0.01555971761993949
      }
    },
    "topic_share_top8_by_bin": {
      "1-2": {
        "specific_info": 0.4741817155756208,
        "other": 0.07011851015801354,
        "computer_programming": 0.06348758465011287,
        "mathematical_calculation": 0.059678329571106095,
        "tutoring_or_teaching": 0.05431715575620767,
        "write_fiction": 0.03809255079006772,
        "argument_or_summary_generation": 0.03682279909706546,
        "unclear": 0.025112866817155757
      },
      "6+": {
        "specific_info": 0.27772356790265185,
        "other": 0.129778441051544,
        "unclear": 0.1029445528641947,
        "mathematical_calculation": 0.06928022041097463,
        "tutoring_or_teaching": 0.06899322695442543,
        "computer_programming": 0.05452875674434623,
        "greetings_and_chitchat": 0.04950637125473539,
        "relationships_and_personal_reflection": 0.04830099873722879
      },
      "3-5": {
        "specific_info": 0.38150122460740526,
        "other": 0.10070595015127504,
        "mathematical_calculation": 0.06483215674974788,
        "tutoring_or_teaching": 0.06396772799308457,
        "unclear": 0.06382365653364068,
        "computer_programming": 0.04624693848148682,
        "argument_or_summary_generation": 0.03774672237429765,
        "greetings_and_chitchat": 0.03529750756375162
      }
    }
  },
  "warnings": []
}
